
ID de tâche du rapport,12333120004
Date/heure de création,25 août 2021 09:07:45 RET
Nom du réseau de l'éditeur,Antenne Réunion Interactive
Client,sautronoceane97440@gmail.com
Période,24 août 2021 – 25 août 2021
Instruction de requête PQL, where order_id in (2895370071)
Type de rapport,Historique

Élément de campagne,Date,Identifiant de l'élément de campagne,Indicateur de diffusion,Impressions générées par le serveur publicitaire,Clics générés par le serveur publicitaire,eCPM moyen généré par le serveur publicitaire ($US),CTR généré par le serveur publicitaire,Revenus au CPM et au CPC générés par le serveur publicitaire ($US)
Interstitiel,24/08/21,5768512244,"115,71%",977,30,"0,00","3,07%","0,00"
Interstitiel,25/08/21,5768512244,"115,71%",523,27,"0,00","5,16%","0,00"
Total,,,-,1 500,57,"0,00","3,80%","0,00"
